AverageHash,ColorHash,DateModified,DateTime,DateTimeOriginal,DateTimeDigitized,Format,ColorSpace,Orientation,FileSize,XSize,YSize,Make,Model,Software,HostComputer,ImageDescription,FileName,SourceDir
bf9fffcfffe0ff23fd03fd03ffa7a6e60666020e020d021f021f040e00000c00,09fec0006002380003002,2021-08-13 17:57:08,2021:08:13 17:57:09,,,MPO,,1,4358144,6000,3376,SONY,ILCE-6000,ILCE-6000 v3.21,,,DSC00671.JPG,D:/Dropbox/Pictures/Sony ILCE-6000/20210918 2223
1ff71ff71e7f0e7f067f027e037f01ff01df01cb00f3003c0013000700070007,09cfc0000000180000000,2021-08-13 17:57:14,2021:08:13 17:57:15,,,MPO,,1,4489216,6000,3376,SONY,ILCE-6000,ILCE-6000 v3.21,,,DSC00672.JPG,D:/Dropbox/Pictures/Sony ILCE-6000/20210918 2223
fafcf03ee23fe79b879ec69f02078786078607f706bc02040400040606000600,1dee000030017c0002002,2021-08-13 17:57:20,2021:08:13 17:57:21,,,MPO,,1,4816896,6000,3376,SONY,ILCE-6000,ILCE-6000 v3.21,,,DSC00673.JPG,D:/Dropbox/Pictures/Sony ILCE-6000/20210918 2223
fffcfffd7cff78ff067e1c380df80ffc1ff81c603c603e3c1f380fb81df01fe0,19de8300108c1c3000003,2021-08-13 17:57:26,2021:08:13 17:57:27,,,MPO,,1,4915200,6000,3376,SONY,ILCE-6000,ILCE-6000 v3.21,,,DSC00674.JPG,D:/Dropbox/Pictures/Sony ILCE-6000/20210918 2223
0017001f040f88071007d00f50cfd8ffefff6ecf6e0f602f700cf80cf80efc0f,01ff000000013c0000000,2021-08-13 17:57:26,2021:08:13 17:57:27,,,MPO,,1,3899392,6000,3376,SONY,ILCE-6000,ILCE-6000 v3.21,,,DSC00675.JPG,D:/Dropbox/Pictures/Sony ILCE-6000/20210918 2223
ff07ffc5ff867fbe39f818c400dc00fc012c07e403ff01e6e182e100e104e300,19ef87081000306001000,2021-08-13 17:57:38,2021:08:13 17:57:39,,,MPO,,1,4849664,6000,3376,SONY,ILCE-6000,ILCE-6000 v3.21,,,DSC00676.JPG,D:/Dropbox/Pictures/Sony ILCE-6000/20210918 2223
ff69ffe67fc77fde19fc18c00cce00fe81f6a770036e2120f100f188f1c0f8c0,1def86042000181000000,2021-08-13 17:57:40,2021:08:13 17:57:40,,,MPO,,1,4784128,6000,3376,SONY,ILCE-6000,ILCE-6000 v3.21,,,DSC00677.JPG,D:/Dropbox/Pictures/Sony ILCE-6000/20210918 2223
e61fe7fba7ffc7ffa7fb865b03df03ff13fa1fde1908380138003c0038001800,09e7c0007006380006007,2021-08-13 17:57:44,2021:08:13 17:57:45,,,MPO,,1,5210112,6000,3376,SONY,ILCE-6000,ILCE-6000 v3.21,,,DSC00678.JPG,D:/Dropbox/Pictures/Sony ILCE-6000/20210918 2223
9ffd1ff09ff299c6b08e31863992bff13ff93dfd7d1c981d1bcd180608060800,05ff80000007380000000,2021-08-13 17:57:44,2021:08:13 17:57:45,,,MPO,,1,4128768,6000,3376,SONY,ILCE-6000,ILCE-6000 v3.21,,,DSC00679.JPG,D:/Dropbox/Pictures/Sony ILCE-6000/20210918 2223
fdfffdfffcfff0f33047144070005c001800088788428ea218b0003000007e00,07a7c6003003380006001,2021-08-13 17:57:48,2021:08:13 17:57:49,,,MPO,,1,5996544,6000,3376,SONY,ILCE-6000,ILCE-6000 v3.21,,,DSC00680.JPG,D:/Dropbox/Pictures/Sony ILCE-6000/20210918 2223
fefffefff87f9879da27ba018c000c000c400c233f403258005800100f049d48,0397870030073c1003001,2021-08-13 17:57:52,2021:08:13 17:57:53,,,MPO,,1,6225920,6000,3376,SONY,ILCE-6000,ILCE-6000 v3.21,,,DSC00681.JPG,D:/Dropbox/Pictures/Sony ILCE-6000/20210918 2223
fdeffdeff0e770c734c314000c000e00c88f5c8236f060208e3c1e8e1a0e3c0c,0797c70030073c1007001,2021-08-13 17:57:58,2021:08:13 17:57:59,,,MPO,,1,6356992,6000,3376,SONY,ILCE-6000,ILCE-6000 v3.21,,,DSC00682.JPG,D:/Dropbox/Pictures/Sony ILCE-6000/20210918 2223
1c0f1c871e732e613ee01c083d803f80ff80ffa8fda9f92bfb07f187f587ff8f,05f78300000e740000000,2021-08-13 17:57:58,2021:08:13 17:57:59,,,MPO,,8,4653056,6000,3376,SONY,ILCE-6000,ILCE-6000 v3.21,,,DSC00683.JPG,D:/Dropbox/Pictures/Sony ILCE-6000/20210918 2223
ffffbfff1fdc0fdc0eb80d3c0746c687ce04cd44c447c003c003000700030003,19d3dd00700018e006000,2021-08-13 17:58:34,2021:08:13 17:58:35,,,MPO,,1,8454144,6000,3376,SONY,ILCE-6000,ILCE-6000 v3.21,,,DSC00684.JPG,D:/Dropbox/Pictures/Sony ILCE-6000/20210918 2223
007f00ff18ff01f701ff01ff02ff067f367f3a7f1eff01ff01f7007300270027,37cf8c086006081000001,2021-08-28 08:31:06,2021:08:28 08:31:07,,,MPO,,6,5308416,6000,3376,SONY,ILCE-6000,ILCE-6000 v3.21,,,DSC00705.JPG,D:/Dropbox/Pictures/Sony ILCE-6000/20210918 2223
00ff00ff007f007f033f02bf021f425f665f724f720f331f133f007f007f007f,1bef80001007040000003,2021-08-28 08:31:06,2021:08:28 08:31:07,,,MPO,,6,4915200,6000,3376,SONY,ILCE-6000,ILCE-6000 v3.21,,,DSC00706.JPG,D:/Dropbox/Pictures/Sony ILCE-6000/20210918 2223
00000000018001c000803180308621e203f83ffc1ffc5ff8e3e2e3e3e1e241e0,1ba38d03b000000006000,2021-08-28 08:32:32,2021:08:28 08:32:33,,,MPO,,1,9535488,6000,3376,SONY,ILCE-6000,ILCE-6000 v3.21,,,DSC00707.JPG,D:/Dropbox/Pictures/Sony ILCE-6000/20210918 2223
1f007f00ff80ff80ff86ffe6ffe8ff78ffe4ffe4ff80ff80ff80ff80ff800f00,05f30703f00000000f000,2021-08-28 08:32:32,2021:08:28 08:32:33,,,MPO,,8,6553600,6000,3376,SONY,ILCE-6000,ILCE-6000 v3.21,,,DSC00708.JPG,D:/Dropbox/Pictures/Sony ILCE-6000/20210918 2223
00ff04ff8cff88ff81ff01fe15fe0bff0dff0def04ff00fb00ff013f003f001f,3bc7cf38c007000000000,2021-08-28 08:32:48,2021:08:28 08:32:49,,,MPO,,6,6062080,6000,3376,SONY,ILCE-6000,ILCE-6000 v3.21,,,DSC00709.JPG,D:/Dropbox/Pictures/Sony ILCE-6000/20210918 2223
11ff21ff41ff05ff07ff02ff13fb07fb27f772cd33ef11e101e503fd00fd007d,1fff8218200f040000000,2021-08-28 08:32:48,2021:08:28 08:32:49,,,MPO,,6,5537792,6000,3376,SONY,ILCE-6000,ILCE-6000 v3.21,,,DSC00710.JPG,D:/Dropbox/Pictures/Sony ILCE-6000/20210918 2223
00ff00ff05ff01fe00fe03fc0bfd37fd3fe71bff03ff01c701cb007f003f003f,3bc78f3c600e040000000,2021-08-28 08:32:50,2021:08:28 08:32:51,,,MPO,,6,4554752,6000,3376,SONY,ILCE-6000,ILCE-6000 v3.21,,,DSC00711.JPG,D:/Dropbox/Pictures/Sony ILCE-6000/20210918 2223
00fb00fb09fd19fd01ff03ff03ff0bff167f1a7f1bff01ff01f700670067003f,37d7cc1c3007040000001,2021-08-28 08:32:52,2021:08:28 08:32:53,,,MPO,,6,5734400,6000,3376,SONY,ILCE-6000,ILCE-6000 v3.21,,,DSC00712.JPG,D:/Dropbox/Pictures/Sony ILCE-6000/20210918 2223
31ff01ff00ff00ff06ff027f127f063f663d723f727f32ff01fd00fc00fc0078,1fefc004100d000000002,2021-08-28 08:32:52,2021:08:28 08:32:53,,,MPO,,6,5111808,6000,3376,SONY,ILCE-6000,ILCE-6000 v3.21,,,DSC00713.JPG,D:/Dropbox/Pictures/Sony ILCE-6000/20210918 2223
4feb018f800f9e08d64cf748df0a9d0ff70ffe1f4c0e206e84ee04cccc8cccbd,09f7cd00f006181000001,2021-08-28 08:32:56,2021:08:28 08:32:56,,,MPO,,6,5701632,6000,3376,SONY,ILCE-6000,ILCE-6000 v3.21,,,DSC00714.JPG,D:/Dropbox/Pictures/Sony ILCE-6000/20210918 2223
80fb901b9c03d2879e1b9e3fd63b9e339c7b80fd40f300e382610401cc81dd8f,0de7ce04f0021c2002001,2021-08-28 08:32:58,2021:08:28 08:32:58,,,MPO,,6,5472256,6000,3376,SONY,ILCE-6000,ILCE-6000 v3.21,,,DSC00715.JPG,D:/Dropbox/Pictures/Sony ILCE-6000/20210918 2223
c000c000c886898f199f389f381f391f399f399f399f1f9f0f9f027f007b003e,33bfce001001080000000,2021-08-28 08:33:06,2021:08:28 08:33:07,,,MPO,,6,4718592,6000,3376,SONY,ILCE-6000,ILCE-6000 v3.21,,,DSC00716.JPG,D:/Dropbox/Pictures/Sony ILCE-6000/20210918 2223
e01bf03ff00ff00ff07eb3f6a6e0ece0ccf8ccd8ced88ed88e408c600c604431,1fd78d05e000000180000,2021-08-28 08:33:18,2021:08:28 08:33:19,,,MPO,,6,4489216,6000,3376,SONY,ILCE-6000,ILCE-6000 v3.21,,,DSC00717.JPG,D:/Dropbox/Pictures/Sony ILCE-6000/20210918 2223
c03ae3f6efae9b8fd9cf9bce1bcc1f5c199909940c9c00370037083f001f000f,1fe79c08e0000000c0000,2021-08-28 08:33:20,2021:08:28 08:33:21,,,MPO,,6,4521984,6000,3376,SONY,ILCE-6000,ILCE-6000 v3.21,,,DSC00718.JPG,D:/Dropbox/Pictures/Sony ILCE-6000/20210918 2223
0000000000000060014005c087f887f0e7f0f7e0fe00ff13fffeffdfff9f3f9f,3dcfdf000000001000000,2021-08-28 08:33:24,2021:08:28 08:33:24,,,MPO,,6,4751360,6000,3376,SONY,ILCE-6000,ILCE-6000 v3.21,,,DSC00719.JPG,D:/Dropbox/Pictures/Sony ILCE-6000/20210918 2223
017b01fb00700070007000600160006000f001be04ff0cff1effff7fffffffff,3bf79c38c001000000001,2021-08-28 08:34:32,2021:08:28 08:34:33,,,MPO,,1,9011200,6000,3376,SONY,ILCE-6000,ILCE-6000 v3.21,,,DSC00720.JPG,D:/Dropbox/Pictures/Sony ILCE-6000/20210918 2223
037b01fb00b000300070006001e001e000f0003e00ff0cff1cffbe3fffffffff,3ff79d3c6001000000001,2021-08-28 08:34:36,2021:08:28 08:34:36,,,MPO,,1,8912896,6000,3376,SONY,ILCE-6000,ILCE-6000 v3.21,,,DSC00721.JPG,D:/Dropbox/Pictures/Sony ILCE-6000/20210918 2223
0000000000100040007000f800c421cc039f8b939bf3dff3ffffffffffff02ff,3fe3b9186000180000000,2021-08-28 08:34:46,2021:08:28 08:34:47,,,MPO,,1,8814592,6000,3376,SONY,ILCE-6000,ILCE-6000 v3.21,,,DSC00722.JPG,D:/Dropbox/Pictures/Sony ILCE-6000/20210918 2223
6b80b2e093f083f1dbf2dbf3dff17fe37fff3ff817311380839000100040c0f0,08e3cf00e0001df000000,2021-08-28 09:03:36,2021:08:28 09:03:37,,,MPO,,1,7798784,6000,3376,SONY,ILCE-6000,ILCE-6000 v3.21,,,DSC00723.JPG,D:/Dropbox/Pictures/Sony ILCE-6000/20210918 2223
c7c1c7c0cae0c8c0e460cce0fcc86e407e40eff08fe08c609bc0dfe0dffedffc,04c74700c0001de000000,2021-08-28 09:03:36,2021:08:28 09:03:37,,,MPO,,1,5472256,6000,3376,SONY,ILCE-6000,ILCE-6000 v3.21,,,DSC00724.JPG,D:/Dropbox/Pictures/Sony ILCE-6000/20210918 2223
087c807c617f67febff21bf816f410b011b00868db2883a807b807b803fc01f8,00738700e0000de007000,2021-08-28 09:03:44,2021:08:28 09:03:44,,,MPO,,6,6455296,6000,3376,SONY,ILCE-6000,ILCE-6000 v3.21,,,DSC00725.JPG,D:/Dropbox/Pictures/Sony ILCE-6000/20210918 2223
003f803f08ef867fbf7ef6fe72fd6cdc64dc428862dc23d230322292079303db,00e7c301c0000ce006000,2021-08-28 09:03:44,2021:08:28 09:03:44,,,MPO,,6,5341184,6000,3376,SONY,ILCE-6000,ILCE-6000 v3.21,,,DSC00726.JPG,D:/Dropbox/Pictures/Sony ILCE-6000/20210918 2223
011f001f063f0f379ff719f2137b1278316c1174104c095803582f488fc807cc,00e3cf00300005d01d000,2021-08-28 09:03:46,2021:08:28 09:03:47,,,MPO,,6,6586368,6000,3376,SONY,ILCE-6000,ILCE-6000 v3.21,,,DSC00727.JPG,D:/Dropbox/Pictures/Sony ILCE-6000/20210918 2223
00040d849fceb4ffe49f70ff31de318c608c300c209830b818985f980f900f90,01f71d00200000f00e000,2021-08-28 09:03:52,2021:08:28 09:03:53,,,MPO,,6,5898240,6000,3376,SONY,ILCE-6000,ILCE-6000 v3.21,,,DSC00728.JPG,D:/Dropbox/Pictures/Sony ILCE-6000/20210918 2223
c1f841fec20e86038e81de407e60de601ff03eb21e381838101801fc03ff277f,01f79e00000004e001000,2021-08-28 09:04:02,2021:08:28 09:04:02,,,MPO,,1,5537792,6000,3376,SONY,ILCE-6000,ILCE-6000 v3.21,,,DSC00729.JPG,D:/Dropbox/Pictures/Sony ILCE-6000/20210918 2223
f01ee008e3e0e260c0604040c200c240c7c087e4c6fee67cfed8e7f0f060f81c,35ff8c007001047000000,2021-08-28 09:04:10,2021:08:28 09:04:11,,,MPO,,6,4849664,6000,3376,SONY,ILCE-6000,ILCE-6000 v3.21,,,DSC00730.JPG,D:/Dropbox/Pictures/Sony ILCE-6000/20210918 2223
00f00070025800400000000008000c30037403ff0fff1dff3fbf007f1fff3fff,3fe39f38d000000000001,2021-08-28 09:04:22,2021:08:28 09:04:22,,,MPO,,1,9928704,6000,3376,SONY,ILCE-6000,ILCE-6000 v3.21,,,DSC00731.JPG,D:/Dropbox/Pictures/Sony ILCE-6000/20210918 2223
0408f00cf85ec83b82f80df009b00720072807e00ff02c607bc06f806f204648,1be7871cf006000003000,2021-08-28 17:37:46,2021:08:28 17:37:47,,,MPO,,1,4816896,6000,3376,SONY,ILCE-6000,ILCE-6000 v3.21,,,DSC00732.JPG,D:/Dropbox/Pictures/Sony ILCE-6000/20210918 2223
080f0c0d1838f814ba783cc87dd87ff847f007d007c887e084e020f030e0e1e4,0ff78e08e007000007000,2021-08-28 17:37:48,2021:08:28 17:37:49,,,MPO,,1,5144576,6000,3376,SONY,ILCE-6000,ILCE-6000 v3.21,,,DSC00733.JPG,D:/Dropbox/Pictures/Sony ILCE-6000/20210918 2223
8000000006300f700ff80ff80ff80ff80ff80ffc8f7c47f89ffa3ffb3fbb1f99,3f8f8c001002080002000,2021-08-28 17:37:58,2021:08:28 17:37:58,,,MPO,,1,5308416,6000,3376,SONY,ILCE-6000,ILCE-6000 v3.21,,,DSC00734.JPG,D:/Dropbox/Pictures/Sony ILCE-6000/20210918 2223
07c10fe30fe20ff41ff51fff0fff0fff0fb707f70ff70ff70ff10ff70fe704e7,3fff80000000040000000,2021-08-28 17:37:58,2021:08:28 17:37:58,,,MPO,,1,4521984,6000,3376,SONY,ILCE-6000,ILCE-6000 v3.21,,,DSC00735.JPG,D:/Dropbox/Pictures/Sony ILCE-6000/20210918 2223
1e001e001e001e008e0c4e0eafccefdc7ffc7ffc3ffe3fe71ff33ffb04df9a3f,1fef8700f080041000000,2021-08-28 17:38:02,2021:08:28 17:38:02,,,MPO,,1,5701632,6000,3376,SONY,ILCE-6000,ILCE-6000 v3.21,,,DSC00736.JPG,D:/Dropbox/Pictures/Sony ILCE-6000/20210918 2223
180018000080048004000f878f8fcf0ecf0eef1fef1fef7ee77ce7fcfffbfffb,1fce9e002000002001000,2021-08-28 17:38:14,2021:08:28 17:38:15,,,MPO,,1,6225920,6000,3376,SONY,ILCE-6000,ILCE-6000 v3.21,,,DSC00737.JPG,D:/Dropbox/Pictures/Sony ILCE-6000/20210918 2223
02000200070007a18fa3cf83cf83cf83ef83efc3ef87e79fe7bff7fdfffefdfe,1fff8e001000002000000,2021-08-28 17:38:14,2021:08:28 17:38:15,,,MPO,,1,5177344,6000,3376,SONY,ILCE-6000,ILCE-6000 v3.21,,,DSC00738.JPG,D:/Dropbox/Pictures/Sony ILCE-6000/20210918 2223
7818787870f861f861f073f039f079f87bf879f879f839f8dff83ff8d7f097f8,3bbf8200e041000000000,2021-08-28 17:38:16,2021:08:28 17:38:17,,,MPO,,1,4784128,6000,3376,SONY,ILCE-6000,ILCE-6000 v3.21,,,DSC00739.JPG,D:/Dropbox/Pictures/Sony ILCE-6000/20210918 2223
0382038203c440846004648417c41ff71ff23ff03ff8ff98feb0fef8fef8fe7c,33df4304c006000006000,2021-08-28 17:38:22,2021:08:28 17:38:22,,,MPO,,1,4784128,6000,3376,SONY,ILCE-6000,ILCE-6000 v3.21,,,DSC00740.JPG,D:/Dropbox/Pictures/Sony ILCE-6000/20210918 2223
03cf03fd02ff127f317f36ff33ff3bff1ffe1ffc01fc01f801e800e808f818f8,3bff8c0c2000080000000,2021-08-28 17:38:38,2021:08:28 17:38:38,,,MPO,,6,4259840,6000,3376,SONY,ILCE-6000,ILCE-6000 v3.21,,,DSC00741.JPG,D:/Dropbox/Pictures/Sony ILCE-6000/20210918 2223
0377017f337f333f33bf30bfb07fb87a19f81cd82cf830f80cf80cf80cfc087e,3bd7871df000040001000,2021-08-28 17:38:54,2021:08:28 17:38:55,,,MPO,,6,4653056,6000,3376,SONY,ILCE-6000,ILCE-6000 v3.21,,,DSC00742.JPG,D:/Dropbox/Pictures/Sony ILCE-6000/20210918 2223
ce00cd000d001f407e403e7073f0f1e12031300c38370037e3fff3fff3fff3ff,19f786007000780000000,2021-08-28 17:53:56,2021:08:28 17:53:57,,,MPO,,1,7372800,6000,3376,SONY,ILCE-6000,ILCE-6000 v3.21,,,DSC00743.JPG,D:/Dropbox/Pictures/Sony ILCE-6000/20210918 2223
e6f8f7f0ffe02fc003e01cf0007000260067007f007f00f701ff63ffffbfffff,1dff80002000700000000,2021-08-28 17:53:56,2021:08:28 17:53:57,,,MPO,,1,4554752,6000,3376,SONY,ILCE-6000,ILCE-6000 v3.21,,,DSC00744.JPG,D:/Dropbox/Pictures/Sony ILCE-6000/20210918 2223
df10ce00cc000e001f407c40347835f0a4112410323611f700f7e3fff3fff3ff,1b878c046000700000000,2021-08-28 17:53:58,2021:08:28 17:53:59,,,MPO,,1,7766016,6000,3376,SONY,ILCE-6000,ILCE-6000 v3.21,,,DSC00745.JPG,D:/Dropbox/Pictures/Sony ILCE-6000/20210918 2223
00800000000200080050f070f3fefbcfffef7fff7ffffffffff8fff0ff80fe00,1df7c304f0061c0002000,2021-08-28 17:54:04,2021:08:28 17:54:04,,,MPO,,1,6553600,6000,3376,SONY,ILCE-6000,ILCE-6000 v3.21,,,DSC00746.JPG,D:/Dropbox/Pictures/Sony ILCE-6000/20210918 2223
004100c2007c0c700fa107e307c1ffc0ffe0fffcfffeffffffffffffffffffff,0fa7c609c00f040006000,2021-08-28 17:54:04,2021:08:28 17:54:04,,,MPO,,1,4816896,6000,3376,SONY,ILCE-6000,ILCE-6000 v3.21,,,DSC00747.JPG,D:/Dropbox/Pictures/Sony ILCE-6000/20210918 2223
f900f10070006002f606d406860606060026838603e607febfffbfffffffffff,39ee07046003380001000,2021-08-28 17:54:08,2021:08:28 17:54:09,,,MPO,,1,8880128,6000,3376,SONY,ILCE-6000,ILCE-6000 v3.21,,,DSC00748.JPG,D:/Dropbox/Pictures/Sony ILCE-6000/20210918 2223
f000f00060026007f207d402860286030033018303e307ff9fff9fffffffffff,1dfe070070033c0001000,2021-08-28 17:54:12,2021:08:28 17:54:12,,,MPO,,1,8421376,6000,3376,SONY,ILCE-6000,ILCE-6000 v3.21,,,DSC00749.JPG,D:/Dropbox/Pictures/Sony ILCE-6000/20210918 2223
01ff01f101f803f803fe631f691f631f6f8f6bdf33ff03ff01ff01ff05ff05ff,3df78200d0c204000e001,2021-08-28 17:54:18,2021:08:28 17:54:19,,,MPO,,6,5865472,6000,3376,SONY,ILCE-6000,ILCE-6000 v3.21,,,DSC00750.JPG,D:/Dropbox/Pictures/Sony ILCE-6000/20210918 2223
003f00ff01bf013f403f8233c020c230c630c2bce2faeffdeffefefff0ff60ff,338f81000000040000000,2021-08-28 17:54:18,2021:08:28 17:54:19,,,MPO,,6,4096000,6000,3376,SONY,ILCE-6000,ILCE-6000 v3.21,,,DSC00751.JPG,D:/Dropbox/Pictures/Sony ILCE-6000/20210918 2223
01ff01f901f807fc03fe601f691f678f6f8f7bdf33ff01ff01ff01ff05ff01ff,3fb78300d0c304000f000,2021-08-28 17:54:20,2021:08:28 17:54:21,,,MPO,,6,5603328,6000,3376,SONY,ILCE-6000,ILCE-6000 v3.21,,,DSC00752.JPG,D:/Dropbox/Pictures/Sony ILCE-6000/20210918 2223
00ff01bf013f003fc03bc020c020c230c338e87aebfceffceefef27f707f787f,1bffc2000000000000000,2021-08-28 17:54:20,2021:08:28 17:54:21,,,MPO,,6,4063232,6000,3376,SONY,ILCE-6000,ILCE-6000 v3.21,,,DSC00753.JPG,D:/Dropbox/Pictures/Sony ILCE-6000/20210918 2223
01ff01f801f803fc21fe241f261f378d2f8f37df13ff03ff01ff01ff05ff017f,3fb78200e0c304000e001,2021-08-28 17:54:24,2021:08:28 17:54:24,,,MPO,,6,5308416,6000,3376,SONY,ILCE-6000,ILCE-6000 v3.21,,,DSC00754.JPG,D:/Dropbox/Pictures/Sony ILCE-6000/20210918 2223
007f007f01ff427f433fe900eb00e320e1e0e3f8e7f8777873fe71ff39ff01ff,1fcfc2007000000000000,2021-08-28 17:54:24,2021:08:28 17:54:24,,,MPO,,6,3964928,6000,3376,SONY,ILCE-6000,ILCE-6000 v3.21,,,DSC00755.JPG,D:/Dropbox/Pictures/Sony ILCE-6000/20210918 2223
01f301f101f920fd20ff305f361f3f0f3f8f37df03ff03ff01ff01ff01ff017f,3f87c200e08304000e000,2021-08-28 17:54:24,2021:08:28 17:54:25,,,MPO,,6,5439488,6000,3376,SONY,ILCE-6000,ILCE-6000 v3.21,,,DSC00756.JPG,D:/Dropbox/Pictures/Sony ILCE-6000/20210918 2223
01ff00ff843f807fc07f8013cc01ce01d701d581dfc0ffe1c7f147ff07ff03ff,1fffc000f000000000000,2021-08-28 17:54:24,2021:08:28 17:54:25,,,MPO,,6,4096000,6000,3376,SONY,ILCE-6000,ILCE-6000 v3.21,,,DSC00757.JPG,D:/Dropbox/Pictures/Sony ILCE-6000/20210918 2223
ffff3fff0fff01ff001f0003000100ff0fff1fff07ff05fc1ffc5ff003f00200,07cf9f003000003000000,2021-09-04 10:29:44,2021:09:04 10:29:45,,,MPO,,1,6750208,6000,3376,SONY,ILCE-6000,ILCE-6000 v3.21,,,DSC00758.JPG,D:/Dropbox/Pictures/Sony ILCE-6000/20210918 2223
fff0fff0ffe0ffc0ff80ff00ff80ffc0ff80ffc07fc0ffd0fdf0103000000000,07ef860000000c1000000,2021-09-04 10:30:04,2021:09:04 10:30:05,,,MPO,,1,6651904,6000,3376,SONY,ILCE-6000,ILCE-6000 v3.21,,,DSC00759.JPG,D:/Dropbox/Pictures/Sony ILCE-6000/20210918 2223
fffcfff8fff0ffe0ffc0ff80ff00ffe0ffe07fc07fc0ffc03c10001800000000,07ff86000000081000000,2021-09-04 10:30:08,2021:09:04 10:30:08,,,MPO,,1,6389760,6000,3376,SONY,ILCE-6000,ILCE-6000 v3.21,,,DSC00760.JPG,D:/Dropbox/Pictures/Sony ILCE-6000/20210918 2223
fffffffffffff8ffe0f0003000300010005000f00020001347bf878c1f073e07,07cfc6000000000003000,2021-09-04 10:30:14,2021:09:04 10:30:15,,,MPO,,1,4325376,6000,3376,SONY,ILCE-6000,ILCE-6000 v3.21,,,DSC00761.JPG,D:/Dropbox/Pictures/Sony ILCE-6000/20210918 2223
0c7c086c0f740ffc0538019805bc07f807f807f804700490043ffe7fff7fffe7,03afc2000001000000000,2021-09-04 10:30:14,2021:09:04 10:30:15,,,MPO,,1,4096000,6000,3376,SONY,ILCE-6000,ILCE-6000 v3.21,,,DSC00762.JPG,D:/Dropbox/Pictures/Sony ILCE-6000/20210918 2223
0ffd0ffd0fff0eff601f700770077a07280707ce07bf07ff07ff07ff0ffd07fe,1fffce001000000007000,2021-09-04 10:30:22,2021:09:04 10:30:22,,,MPO,,6,6062080,6000,3376,SONY,ILCE-6000,ILCE-6000 v3.21,,,DSC00763.JPG,D:/Dropbox/Pictures/Sony ILCE-6000/20210918 2223
fc00ff00ff00ff00ff007f906790788011c308ff10ff107f10ff107f007f18ff,3bff47002000000006000,2021-09-04 10:30:22,2021:09:04 10:30:22,,,MPO,,6,4259840,6000,3376,SONY,ILCE-6000,ILCE-6000 v3.21,,,DSC00764.JPG,D:/Dropbox/Pictures/Sony ILCE-6000/20210918 2223
c7f8c7fcc7fcc7fc87fc87fc87fc87fc869884098600850c815c87f887fc87fc,0fe78f00d00000100c000,2021-09-04 10:30:46,2021:09:04 10:30:47,,,MPO,,6,8323072,6000,3376,SONY,ILCE-6000,ILCE-6000 v3.21,,,DSC00765.JPG,D:/Dropbox/Pictures/Sony ILCE-6000/20210918 2223
87fc87fc87fc87fc87fc87fc861c86098700820c87fc87f887fe8ffe8ffe87ff,0be7cf00e00000000f000,2021-09-04 10:30:50,2021:09:04 10:30:50,,,MPO,,6,7536640,6000,3376,SONY,ILCE-6000,ILCE-6000 v3.21,,,DSC00766.JPG,D:/Dropbox/Pictures/Sony ILCE-6000/20210918 2223
ffff1fff0fff03ff03fe1fe01ff00fc07f787f7f0f6000000000000000000000,03ef0018c000040000000,2021-09-04 10:30:56,2021:09:04 10:30:56,,,MPO,,1,5865472,6000,3376,SONY,ILCE-6000,ILCE-6000 v3.21,,,DSC00767.JPG,D:/Dropbox/Pictures/Sony ILCE-6000/20210918 2223
ffff1fff07ff03fc1fe0fe781e6006400ee01ff03e403e401e00020000000000,03ff400c7000080001000,2021-09-04 10:31:08,2021:09:04 10:31:09,,,MPO,,1,5832704,6000,3376,SONY,ILCE-6000,ILCE-6000 v3.21,,,DSC00768.JPG,D:/Dropbox/Pictures/Sony ILCE-6000/20210918 2223
1fff07ff01ff07fc7ff07ef01ef00eec0ffc7ff8ffe0be000000000000000000,03efc0046000000000000,2021-09-04 10:31:12,2021:09:04 10:31:12,,,MPO,,1,6127616,6000,3376,SONY,ILCE-6000,ILCE-6000 v3.21,,,DSC00769.JPG,D:/Dropbox/Pictures/Sony ILCE-6000/20210918 2223
0000003fffffffffff7f7f7f1e7f067f0a7f3e7f7e7f0a7f0e1e7f703e600e70,03efc308f000180003000,2021-09-04 10:31:30,2021:09:04 10:31:30,,,MPO,,1,7208960,6000,3376,SONY,ILCE-6000,ILCE-6000 v3.21,,,DSC00770.JPG,D:/Dropbox/Pictures/Sony ILCE-6000/20210918 2223
1fff1fff07ff03fc067f067f027e002c0008000000000f4c07fe00bf3ffffffc,03efc00000001c0007000,2021-09-04 10:31:34,2021:09:04 10:31:34,,,MPO,,1,7340032,6000,3376,SONY,ILCE-6000,ILCE-6000 v3.21,,,DSC00771.JPG,D:/Dropbox/Pictures/Sony ILCE-6000/20210918 2223
000f000203feffffffffffffffffffffffff7f3f7fbf2f3f1f1f1f1f1f3e3ffe,03ff40006000340006000,2021-09-04 10:31:40,2021:09:04 10:31:40,,,MPO,,1,4784128,6000,3376,SONY,ILCE-6000,ILCE-6000 v3.21,,,DSC00772.JPG,D:/Dropbox/Pictures/Sony ILCE-6000/20210918 2223
fffffffffffffff3fff3ffe3ffe39ff31c013f810fe0fff93b8043c0dfe391e1,07efc0001000380007000,2021-09-04 10:31:40,2021:09:04 10:31:40,,,MPO,,1,4325376,6000,3376,SONY,ILCE-6000,ILCE-6000 v3.21,,,DSC00773.JPG,D:/Dropbox/Pictures/Sony ILCE-6000/20210918 2223
00033ffefffefffefffc7fff7ffefffe79fe087f28fe08fe38fe19fc1dfc3dfc,03ffc0002000300006000,2021-09-04 10:31:42,2021:09:04 10:31:42,,,MPO,,1,5341184,6000,3376,SONY,ILCE-6000,ILCE-6000 v3.21,,,DSC00774.JPG,D:/Dropbox/Pictures/Sony ILCE-6000/20210918 2223
fffffffffffffffffddffddffdd0780000000000000000000000000000000000,7bff9d002000080000000,2021-09-04 11:30:16,2021:09:04 11:30:17,,,MPO,,1,3932160,6000,3376,SONY,ILCE-6000,ILCE-6000 v3.21,,,DSC00775.JPG,D:/Dropbox/Pictures/Sony ILCE-6000/20210918 2223
ffbfff3fffb8ffa007c000000004004c0049034b0f070f07fc87fb05fa04fc20,0feece00e040000003000,2021-09-04 11:30:32,2021:09:04 11:30:32,,,MPO,,1,7274496,6000,3376,SONY,ILCE-6000,ILCE-6000 v3.21,,,DSC00776.JPG,D:/Dropbox/Pictures/Sony ILCE-6000/20210918 2223
fffffffe4ff803e000000000000000000000000000000000007f3ff80bf05fff,71e79c04c00000001e000,2021-09-04 11:30:46,2021:09:04 11:30:46,,,MPO,,1,6356992,6000,3376,SONY,ILCE-6000,ILCE-6000 v3.21,,,DSC00777.JPG,D:/Dropbox/Pictures/Sony ILCE-6000/20210918 2223
ffff7fff07ff03ff01fe0030000000000000000000000000000000003e003fff,07e3ff001000000000000,2021-09-04 11:30:54,2021:09:04 11:30:54,,,MPO,,1,7372800,6000,3376,SONY,ILCE-6000,ILCE-6000 v3.21,,,DSC00778.JPG,D:/Dropbox/Pictures/Sony ILCE-6000/20210918 2223
0e070f040ffc07fc0f800210017000f803e00000006005c00f8027fd67ffbfff,07c3be043006000000000,2021-09-04 11:31:12,2021:09:04 11:31:13,,,MPO,,1,10027008,6000,3376,SONY,ILCE-6000,ILCE-6000 v3.21,,,DSC00779.JPG,D:/Dropbox/Pictures/Sony ILCE-6000/20210918 2223
20ff00ff007f267f25ff2fff2fff2fff27ef37ef279f279f379f071f133f13fc,03ffc0000000000000000,2021-09-04 11:31:34,2021:09:04 11:31:35,,,MPO,,6,7405568,6000,3376,SONY,ILCE-6000,ILCE-6000 v3.21,,,DSC00780.JPG,D:/Dropbox/Pictures/Sony ILCE-6000/20210918 2223
195f181f1807100718071c031f031fc31fc31fc31fc71fc71fc71fcf1fdf1fff,03efde001000000000000,2021-09-04 11:31:42,2021:09:04 11:31:43,,,MPO,,6,6848512,6000,3376,SONY,ILCE-6000,ILCE-6000 v3.21,,,DSC00781.JPG,D:/Dropbox/Pictures/Sony ILCE-6000/20210918 2223
3fff0fff001c00000000000000006800efffe79fef9fff9fff3fc71f830ca0fc,07d79f00e0000c000d000,2021-09-04 11:32:14,2021:09:04 11:32:14,,,MPO,,1,6422528,6000,3376,SONY,ILCE-6000,ILCE-6000 v3.21,,,DSC00782.JPG,D:/Dropbox/Pictures/Sony ILCE-6000/20210918 2223
00000000000000000000000000040004f860ff1efffffffdfff9fff8fff0ffe0,0be3fe001000000000000,2021-09-04 11:32:18,2021:09:04 11:32:19,,,MPO,,1,8126464,6000,3376,SONY,ILCE-6000,ILCE-6000 v3.21,,,DSC00783.JPG,D:/Dropbox/Pictures/Sony ILCE-6000/20210918 2223
ff8fff03ff03ff83fb8185e081b881b8e0d8f1c8f1d8f1f0f000e00080001030,1dff40007002000006000,2021-09-04 13:25:42,2021:09:04 13:25:42,,,MPO,,1,5046272,6000,3376,SONY,ILCE-6000,ILCE-6000 v3.21,,,DSC00784.JPG,D:/Dropbox/Pictures/Sony ILCE-6000/20210918 2223
fe03fe03ff01ff991be40da401bc41fcc1fcc1dce3dce3f8e010c00081200040,19ef80003002000002000,2021-09-04 13:25:42,2021:09:04 13:25:42,,,MPO,,1,4849664,6000,3376,SONY,ILCE-6000,ILCE-6000 v3.21,,,DSC00785.JPG,D:/Dropbox/Pictures/Sony ILCE-6000/20210918 2223
fffffffffffffd3ff20ff10fe087f007f1a3f1a7e000e0007d00000c000c001c,0bef8000c002000001000,2021-09-04 13:25:50,2021:09:04 13:25:50,,,MPO,,1,4718592,6000,3376,SONY,ILCE-6000,ILCE-6000 v3.21,,,DSC00786.JPG,D:/Dropbox/Pictures/Sony ILCE-6000/20210918 2223
ffffff3ffc0fe307c197e193e1b3e1b1f3b3e191d008c008ff0000fe00070007,0bef80006002000001000,2021-09-04 13:25:50,2021:09:04 13:25:50,,,MPO,,1,4980736,6000,3376,SONY,ILCE-6000,ILCE-6000 v3.21,,,DSC00787.JPG,D:/Dropbox/Pictures/Sony ILCE-6000/20210918 2223
ffffffffff87ff83fec1f18be091c011f078f0f8fbd8fe00e800a0008004c80c,0bff8000e047000006000,2021-09-04 13:25:58,2021:09:04 13:25:59,,,MPO,,1,5505024,6000,3376,SONY,ILCE-6000,ILCE-6000 v3.21,,,DSC00788.JPG,D:/Dropbox/Pictures/Sony ILCE-6000/20210918 2223
d839c9797bf83bfc18cc08fccbfc5ffc3ffc7ff8fdf8fdf8fe30d020c0688408,0bafc0007007000001000,2021-09-04 13:25:58,2021:09:04 13:25:59,,,MPO,,1,4423680,6000,3376,SONY,ILCE-6000,ILCE-6000 v3.21,,,DSC00789.JPG,D:/Dropbox/Pictures/Sony ILCE-6000/20210918 2223
ffffffffffcfe183ef83f89be0c9c099e4f8e4c9f3c8ffc8de00c00440948000,07ff0000e046000003000,2021-09-04 13:26:06,2021:09:04 13:26:06,,,MPO,,1,5144576,6000,3376,SONY,ILCE-6000,ILCE-6000 v3.21,,,DSC00790.JPG,D:/Dropbox/Pictures/Sony ILCE-6000/20210918 2223
f1fff0fff07ff03ff03fe03fe01fe003c001c000c100e200f180f800fc00fc00,1fa7800be000000000000,2021-09-04 13:30:40,2021:09:04 13:30:40,,,MPO,,1,3637248,6000,3376,SONY,ILCE-6000,ILCE-6000 v3.21,,,DSC00791.JPG,D:/Dropbox/Pictures/Sony ILCE-6000/20210918 2223
ffc7ff83ff03fb03f123f103f13bf9a1e0e0c0f0e095f044f000f000e0000000,1bb70005f00000000c000,2021-09-04 13:30:50,2021:09:04 13:30:50,,,MPO,,1,4947968,6000,3376,SONY,ILCE-6000,ILCE-6000 v3.21,,,DSC00792.JPG,D:/Dropbox/Pictures/Sony ILCE-6000/20210918 2223
ff03fe03f603e663c623f67dc379e37933e801e801b68187c886c000c000c000,1df7c005e000000007000,2021-09-04 13:30:50,2021:09:04 13:30:50,,,MPO,,1,5210112,6000,3376,SONY,ILCE-6000,ILCE-6000 v3.21,,,DSC00793.JPG,D:/Dropbox/Pictures/Sony ILCE-6000/20210918 2223
ffffffe3f9c3f981f001f035fc29f638e03cc01ce21ef008f808f000f0000000,1bf7c00df000000006000,2021-09-04 13:31:00,2021:09:04 13:31:00,,,MPO,,1,5734400,6000,3376,SONY,ILCE-6000,ILCE-6000 v3.21,,,DSC00794.JPG,D:/Dropbox/Pictures/Sony ILCE-6000/20210918 2223
183fc87ff077f17f003f081fcc3f5cbf7cbf7cbffc33fc177c0b480708023800,19ffc00cf001000000000,2021-09-04 13:31:00,2021:09:04 13:31:00,,,MPO,,1,5275648,6000,3376,SONY,ILCE-6000,ILCE-6000 v3.21,,,DSC00795.JPG,D:/Dropbox/Pictures/Sony ILCE-6000/20210918 2223
ffc0ffe0ffe0ff80ffc0ffc0ffe0fe00fe00fe01ff60ffe0ff00ffe060000000,03c18c07d000000000000,2021-09-04 13:31:32,2021:09:04 13:31:32,,,MPO,,1,3473408,6000,3376,SONY,ILCE-6000,ILCE-6000 v3.21,,,DSC00796.JPG,D:/Dropbox/Pictures/Sony ILCE-6000/20210918 2223
07c000c100051b98ff88cfffbffdffe06ff9cfff7ffc038d0001000200040001,0befc0002000180000000,2021-09-05 10:30:12,2021:09:05 10:30:12,,,MPO,,6,5308416,6000,3376,SONY,ILCE-6000,ILCE-6000 v3.21,,,DSC00797.JPG,D:/Dropbox/Pictures/Sony ILCE-6000/20210918 2223
07c0004100051b9a7f980ffd7ffe7ffc0ffc4fff7fd801800001000200000000,0befc0002000180000000,2021-09-05 10:30:16,2021:09:05 10:30:16,,,MPO,,6,5275648,6000,3376,SONY,ILCE-6000,ILCE-6000 v3.21,,,DSC00798.JPG,D:/Dropbox/Pictures/Sony ILCE-6000/20210918 2223
070001c203037f11cfb1dffbfffbfff1d7faffff7901000a0006000500090002,1bef800030001c0000000,2021-09-05 10:30:28,2021:09:05 10:30:28,,,MPO,,6,5537792,6000,3376,SONY,ILCE-6000,ILCE-6000 v3.21,,,DSC00799.JPG,D:/Dropbox/Pictures/Sony ILCE-6000/20210918 2223
003c007c01f800700077037f07ff07ff07ff07ff0073007f007f01bf030f0006,03df00001001080001000,2021-09-05 10:30:28,2021:09:05 10:30:28,,,MPO,,6,3670016,6000,3376,SONY,ILCE-6000,ILCE-6000 v3.21,,,DSC00800.JPG,D:/Dropbox/Pictures/Sony ILCE-6000/20210918 2223
070001c20003011dff9de7feffffffe1fff9effffffc41010003000200040001,0bff800020001c0000000,2021-09-05 10:30:38,2021:09:05 10:30:38,,,MPO,,6,5505024,6000,3376,SONY,ILCE-6000,ILCE-6000 v3.21,,,DSC00801.JPG,D:/Dropbox/Pictures/Sony ILCE-6000/20210918 2223
000107ff007f007f006f00e70fff0dff07ff04ff00ff00e703ff07ff000f0003,03ffc0002001080003000,2021-09-05 10:30:38,2021:09:05 10:30:38,,,MPO,,6,3637248,6000,3376,SONY,ILCE-6000,ILCE-6000 v3.21,,,DSC00802.JPG,D:/Dropbox/Pictures/Sony ILCE-6000/20210918 2223
00f0002000003f8643804bfe6fff5fff43fe7ffd3db000000000000000000000,3fefc00060001c0000000,2021-09-05 10:30:50,2021:09:05 10:30:50,,,MPO,,6,6619136,6000,3376,SONY,ILCE-6000,ILCE-6000 v3.21,,,DSC00803.JPG,D:/Dropbox/Pictures/Sony ILCE-6000/20210918 2223
1e403f4047604760472e4ffe1ff83fe03fc00ff00ffe179e0800020000000000,0befc00000063c0000000,2021-09-05 11:19:42,2021:09:05 11:19:42,,,MPO,,6,5636096,6000,3376,SONY,ILCE-6000,ILCE-6000 v3.21,,,DSC00804.JPG,D:/Dropbox/Pictures/Sony ILCE-6000/20210918 2223
0038003c003c013c01bf09b909c109810d810d811dc11be117f117f12ff12fff,0bffc00000020c0001000,2021-09-05 11:19:42,2021:09:05 11:19:42,,,MPO,,1,3473408,6000,3376,SONY,ILCE-6000,ILCE-6000 v3.21,,,DSC00805.JPG,D:/Dropbox/Pictures/Sony ILCE-6000/20210918 2223
3ec01ec0067e87fc87f08fe04fc01fc03fc00ff80ffc1b3e0c00020000000000,0bff8000000d3c0000001,2021-09-05 11:19:48,2021:09:05 11:19:49,,,MPO,,6,5668864,6000,3376,SONY,ILCE-6000,ILCE-6000 v3.21,,,DSC00806.JPG,D:/Dropbox/Pictures/Sony ILCE-6000/20210918 2223
007c007f003c0900098009800bc00b801d801d801de01df11bf31bff17ff17df,0bffc000000c080001000,2021-09-05 11:19:48,2021:09:05 11:19:49,,,MPO,,1,3440640,6000,3376,SONY,ILCE-6000,ILCE-6000 v3.21,,,DSC00807.JPG,D:/Dropbox/Pictures/Sony ILCE-6000/20210918 2223
7e807ec0dec09ffebffcbfc03fc07ff00ff806203a003e001e000e0002000000,0fffc0000006780001000,2021-09-05 11:20:04,2021:09:05 11:20:05,,,MPO,,6,4784128,6000,3376,SONY,ILCE-6000,ILCE-6000 v3.21,,,DSC00808.JPG,D:/Dropbox/Pictures/Sony ILCE-6000/20210918 2223
7f80fec08ec08ec18e5f9ffd9ff83ff83ff00f80fe007e003e00160002000000,07cf8000000c700000001,2021-09-05 11:20:14,2021:09:05 11:20:15,,,MPO,,6,6225920,6000,3376,SONY,ILCE-6000,ILCE-6000 v3.21,,,DSC00809.JPG,D:/Dropbox/Pictures/Sony ILCE-6000/20210918 2223
007e043f043f043005800c800cc00c801e811ee11cf11df11df11bff1fff37ff,0bff80000006000000000,2021-09-05 11:20:14,2021:09:05 11:20:15,,,MPO,,1,3375104,6000,3376,SONY,ILCE-6000,ILCE-6000 v3.21,,,DSC00810.JPG,D:/Dropbox/Pictures/Sony ILCE-6000/20210918 2223
f8e070e0f0e0f0e0f1e0e5c0cfc01fe01ff10ffb033f001e0006000200000000,1fc7c2000007780000001,2021-09-05 11:20:24,2021:09:05 11:20:25,,,MPO,,6,6127616,6000,3376,SONY,ILCE-6000,ILCE-6000 v3.21,,,DSC00811.JPG,D:/Dropbox/Pictures/Sony ILCE-6000/20210918 2223
80078067006704007d007e017e007c0020030f000f800f030f000c20001f001f,7ce08e1df00000e000000,2021-09-06 08:16:18,2021:09:06 08:16:18,,,MPO,,6,7208960,6000,3376,SONY,ILCE-6000,ILCE-6000 v3.21,,,DSC00812.JPG,D:/Dropbox/Pictures/Sony ILCE-6000/20210918 2223
000806007e80fe80ff00ff007e007000000007c00fc00fc00fc0070806080003,7ce0cc1bb00000d000000,2021-09-06 08:16:18,2021:09:06 08:16:18,,,MPO,,6,6586368,6000,3376,SONY,ILCE-6000,ILCE-6000 v3.21,,,DSC00813.JPG,D:/Dropbox/Pictures/Sony ILCE-6000/20210918 2223
800700670027fc00ff00fc01fc00700000030f001f011f030f000c47001f001f,78f0ce1fe000007000000,2021-09-06 08:16:20,2021:09:06 08:16:20,,,MPO,,6,6455296,6000,3376,SONY,ILCE-6000,ILCE-6000 v3.21,,,DSC00814.JPG,D:/Dropbox/Pictures/Sony ILCE-6000/20210918 2223
80000000000010003f907f807fc07fc07fc07f807e803c0c188c200000010001,70f18f0fe000006000000,2021-09-06 08:16:20,2021:09:06 08:16:20,,,MPO,,6,4521984,6000,3376,SONY,ILCE-6000,ILCE-6000 v3.21,,,DSC00815.JPG,D:/Dropbox/Pictures/Sony ILCE-6000/20210918 2223
c00f801f801f007f1c1f380700030c0f0c05007b003f003f003f003f003f003f,75c09c39e00000e000000,2021-09-06 08:16:30,2021:09:06 08:16:30,,,MPO,,6,8552448,6000,3376,SONY,ILCE-6000,ILCE-6000 v3.21,,,DSC00816.JPG,D:/Dropbox/Pictures/Sony ILCE-6000/20210918 2223
6006420637007f007e007e007c0000000e408f830f830f820e23003320070102,78e0ce1fe000007000000,2021-09-06 08:16:30,2021:09:06 08:16:30,,,MPO,,6,5865472,6000,3376,SONY,ILCE-6000,ILCE-6000 v3.21,,,DSC00817.JPG,D:/Dropbox/Pictures/Sony ILCE-6000/20210918 2223
801f800b0007001f003f001f1c0f082708170c230c3f087f047f007f007f007f,75d0cf35e00000f000000,2021-09-06 08:16:34,2021:09:06 08:16:35,,,MPO,,6,8323072,6000,3376,SONY,ILCE-6000,ILCE-6000 v3.21,,,DSC00818.JPG,D:/Dropbox/Pictures/Sony ILCE-6000/20210918 2223
0001000101003f003e003e003e03080300861e861f031e079e071c0718030203,74e08c0fd000006000000,2021-09-06 08:16:34,2021:09:06 08:16:35,,,MPO,,6,5865472,6000,3376,SONY,ILCE-6000,ILCE-6000 v3.21,,,DSC00819.JPG,D:/Dropbox/Pictures/Sony ILCE-6000/20210918 2223
